
Stage: pre_early_cg
------------------------------------------------
| Transform | Accepts | Rejects | Runtime (ms) | 
------------------------------------------------
------------------------------------------------
##Generic Timing Info for library domain: _default_ typical gate delay: 127.0 ps std_slew: 15.5 ps std_load: 7.0 fF
Starting mux data reorder optimization [v1.0] (stage: pre_to_gen_setup, startdef: async_fifo, recur: true)
Completed mux data reorder optimization (accepts: 0, rejects: 0, runtime: 0.000s)

Stage: pre_to_gen_setup
------------------------------------------------------
| Transform       | Accepts | Rejects | Runtime (ms) | 
------------------------------------------------------
| hlo_mux_reorder |       0 |       0 |         0.00 | 
------------------------------------------------------
PBS_Generic-Start - Elapsed_Time 0, CPU_Time 0.0
stamp 'PBS_Generic-Start' being created for table 'pbs_debug'

  Total Time (Wall) |  Stage Time (Wall)  |   % (Wall)   |    Date - Time     |  Memory   | Stage
--------------------+---------------------+--------------+--------------------+-----------+----------------------
 00:00:04(00:00:02) |  00:00:00(00:00:00) |   0.0(  0.0) |   16:45:34 (Mar13) |  218.7 MB | PBS_Generic-Start
--------------------+---------------------+--------------+--------------------+-----------+----------------------
Number of threads: 8 * 1   (id: pbs_debug, time_info v1.57)
Info: (*N*) indicates data that was populated from previously saved time_info database
Info: CPU time includes time of parent + longest thread
TNS Restructuring config: no_value at stage: generic applied.
Starting mux data reorder optimization [v1.0] (stage: pre_to_gen_setup, startdef: async_fifo, recur: true)
Completed mux data reorder optimization (accepts: 0, rejects: 0, runtime: 0.000s)

Stage: pre_to_gen_setup
------------------------------------------------------
| Transform       | Accepts | Rejects | Runtime (ms) | 
------------------------------------------------------
| hlo_mux_reorder |       0 |       0 |         0.00 | 
------------------------------------------------------
Starting mux data reorder optimization [v1.0] (stage: post_to_gen_setup, startdef: async_fifo, recur: true)
Completed mux data reorder optimization (accepts: 0, rejects: 0, runtime: 0.000s)

Stage: post_to_gen_setup
------------------------------------------------------
| Transform       | Accepts | Rejects | Runtime (ms) | 
------------------------------------------------------
| hlo_mux_reorder |       0 |       0 |         0.00 | 
------------------------------------------------------
Running Unified Mux Engine Tricks...
Completed Unified Mux Engine Tricks

Stage: pre_hlo_rtlopt
--------------------------------------------
| Trick | Accepts | Rejects | Runtime (ms) | 
--------------------------------------------
--------------------------------------------
Starting infer macro optimization [v1.0] (stage: pre_rtlopt, startdef: async_fifo, recur: true)
Completed infer macro optimization (accepts: 0, rejects: 0, runtime: 0.000s)
Starting decode mux sandwich optimization [v2.0] (stage: pre_rtlopt, startdef: async_fifo, recur: true)
Completed decode mux sandwich optimization (accepts: 0, rejects: 0, runtime: 0.000s)
Starting decode mux optimization [v1.0] (stage: pre_rtlopt, startdef: async_fifo, recur: true)
Completed decode mux optimization (accepts: 0, rejects: 0, runtime: 0.000s)
Starting chop wide muxes [v1.0] (stage: pre_rtlopt, startdef: async_fifo, recur: true)
Completed chop wide muxes (accepts: 0, rejects: 0, runtime: 0.000s)
Starting common data mux cascade opt [v1.0] (stage: pre_rtlopt, startdef: async_fifo, recur: true)
Completed common data mux cascade opt (accepts: 0, rejects: 0, runtime: 0.000s)
Starting mux input consolidation [v1.0] (stage: pre_rtlopt, startdef: async_fifo, recur: true)
Completed mux input consolidation (accepts: 0, rejects: 0, runtime: 0.000s)
Starting constant-data mux optimization [v1.0] (stage: pre_rtlopt, startdef: async_fifo, recur: true)
Completed constant-data mux optimization (accepts: 0, rejects: 0, runtime: 0.000s)
Starting chain-to-tree inequality transform [v2.0] (stage: pre_rtlopt, startdef: async_fifo, recur: true)
Completed chain-to-tree inequality transform (accepts: 0, rejects: 0, runtime: 0.001s)
Starting reconvergence optimization [v1.0] (stage: pre_rtlopt, startdef: async_fifo, recur: true)
Completed reconvergence optimization (accepts: 0, rejects: 0, runtime: 0.000s)
Starting logic restructure optimization [v1.0] (stage: pre_rtlopt, startdef: async_fifo, recur: true)
Completed logic restructure optimization (accepts: 0, rejects: 0, runtime: 0.000s)
Starting common select mux optimization [v1.0] (stage: pre_rtlopt, startdef: async_fifo, recur: true)
Completed common select mux optimization (accepts: 0, rejects: 0, runtime: 0.000s)
Starting identity transform [v3.0] (stage: pre_rtlopt, startdef: async_fifo, recur: true)
Completed identity transform (accepts: 0, rejects: 0, runtime: 0.000s)
Starting reduce operator chain [v1.0] (stage: pre_rtlopt, startdef: async_fifo, recur: true)
Completed reduce operator chain (accepts: 0, rejects: 0, runtime: 0.000s)
Starting common data mux cascade opt [v1.0] (stage: pre_rtlopt, startdef: async_fifo, recur: true)
Completed common data mux cascade opt (accepts: 0, rejects: 0, runtime: 0.000s)
Starting mux input consolidation [v1.0] (stage: pre_rtlopt, startdef: async_fifo, recur: true)
Completed mux input consolidation (accepts: 0, rejects: 0, runtime: 0.000s)
Starting optimize datapath elements [v1.0] (stage: pre_rtlopt, startdef: async_fifo, recur: true)
Completed optimize datapath elements (accepts: 0, rejects: 0, runtime: 0.000s)
Starting datapath recasting [v1.0] (stage: pre_rtlopt, startdef: async_fifo, recur: true)
Completed datapath recasting (accepts: 0, rejects: 0, runtime: 0.000s)
Starting clip mux common data inputs [v1.0] (stage: pre_rtlopt, startdef: async_fifo, recur: true)
Completed clip mux common data inputs (accepts: 0, rejects: 0, runtime: 0.000s)
Starting clip the non-user hierarchies [v2.0] (stage: pre_rtlopt, startdef: async_fifo, recur: true)
Completed clip the non-user hierarchies (accepts: 0, rejects: 0, runtime: 0.000s)

Stage: pre_rtlopt
----------------------------------------------------------------
| Transform                 | Accepts | Rejects | Runtime (ms) | 
----------------------------------------------------------------
| hlo_infer_macro           |       0 |       0 |         0.00 | 
| hlo_decode_mux_sandwich   |       0 |       0 |         0.00 | 
| hlo_mux_decode            |       0 |       0 |         0.00 | 
| hlo_chop_mux              |       0 |       0 |         0.00 | 
| hlo_mux_cascade_opt       |       0 |       0 |         0.00 | 
| hlo_mux_consolidation     |       0 |       0 |         0.00 | 
| hlo_constant_mux_opt      |       0 |       0 |         0.00 | 
| hlo_inequality_transform  |       0 |       0 |         1.00 | 
| hlo_reconv_opt            |       0 |       0 |         0.00 | 
| hlo_restructure           |       0 |       0 |         0.00 | 
| hlo_common_select_muxopto |       0 |       0 |         0.00 | 
| hlo_identity_transform    |       0 |       0 |         0.00 | 
| hlo_reduce_operator_chain |       0 |       0 |         0.00 | 
| hlo_mux_cascade_opt       |       0 |       0 |         0.00 | 
| hlo_mux_consolidation     |       0 |       0 |         0.00 | 
| hlo_optimize_datapath     |       0 |       0 |         0.00 | 
| hlo_datapath_recast       |       0 |       0 |         0.00 | 
| hlo_clip_mux_input        |       0 |       0 |         0.00 | 
| hlo_clip                  |       0 |       0 |         0.00 | 
----------------------------------------------------------------
Running Unified Mux Engine Tricks...
Completed Unified Mux Engine Tricks

Stage: post_hlo_rtlopt
--------------------------------------------------
| Trick       | Accepts | Rejects | Runtime (ms) | 
--------------------------------------------------
| ume_runtime |       0 |       0 |         0.00 | 
--------------------------------------------------
Number of big hc bmuxes before = 0
CSAGen Prep Share:0 Re-Write:0 Speculation: 0
MaxCSA: Successfully built Maximal CSA Expression Expr0
CDN_DP_region_0_0 level = 0 loads = 0 drivers = 0
CDN_DP_region_0_0_c0 in async_fifo: area: 667554125 ,dp = 2 mux = 1 sg = slow         worst_clk_period: -1.0000 
    wns: 0  norm_wns:  -1.0000 
    fail_endp: -1 
    tns:  0  tns_per_endp:  -1.0000   norm_tns_per_endp:  -1.0000 
    tns_sense_max:  -1.0000  tns_sense_avg:  -1.0000   tns_sense_num: -1
 skipped
CDN_DP_region_0_0_c1 in async_fifo: area: 644666555 ,dp = 2 mux = 1 sg = fast         worst_clk_period: -1.0000 
    wns: 0  norm_wns:  -1.0000 
    fail_endp: -1 
    tns:  0  tns_per_endp:  -1.0000   norm_tns_per_endp:  -1.0000 
    tns_sense_max:  -1.0000  tns_sense_avg:  -1.0000   tns_sense_num: -1
 is current best
CDN_DP_region_0_0_c2 in async_fifo: area: 644666555 ,dp = 2 mux = 1 sg = very_slow    worst_clk_period: -1.0000 
    wns: 0  norm_wns:  -1.0000 
    fail_endp: -1 
    tns:  0  tns_per_endp:  -1.0000   norm_tns_per_endp:  -1.0000 
    tns_sense_max:  -1.0000  tns_sense_avg:  -1.0000   tns_sense_num: -1
 is current best
CDN_DP_region_0_0_c3 in async_fifo: area: 644666555 ,dp = 2 mux = 1 sg = very_fast    worst_clk_period: -1.0000 
    wns: 0  norm_wns:  -1.0000 
    fail_endp: -1 
    tns:  0  tns_per_endp:  -1.0000   norm_tns_per_endp:  -1.0000 
    tns_sense_max:  -1.0000  tns_sense_avg:  -1.0000   tns_sense_num: -1
 is current best
CDN_DP_region_0_0_c4 in async_fifo: area: 644666555 ,dp = 2 mux = 1 sg = very_fast    worst_clk_period: -1.0000 
    wns: 0  norm_wns:  -1.0000 
    fail_endp: -1 
    tns:  0  tns_per_endp:  -1.0000   norm_tns_per_endp:  -1.0000 
    tns_sense_max:  -1.0000  tns_sense_avg:  -1.0000   tns_sense_num: -1
 is current best
CDN_DP_region_0_0_c5 in async_fifo: area: 644666555 ,dp = 2 mux = 1 sg = very_fast    worst_clk_period: -1.0000 
    wns: 0  norm_wns:  -1.0000 
    fail_endp: -1 
    tns:  0  tns_per_endp:  -1.0000   norm_tns_per_endp:  -1.0000 
    tns_sense_max:  -1.0000  tns_sense_avg:  -1.0000   tns_sense_num: -1
 is current best
CDN_DP_region_0_0_c6 in async_fifo: area: 644666555 ,dp = 2 mux = 1 sg = very_fast    worst_clk_period: -1.0000 
    wns: 0  norm_wns:  -1.0000 
    fail_endp: -1 
    tns:  0  tns_per_endp:  -1.0000   norm_tns_per_endp:  -1.0000 
    tns_sense_max:  -1.0000  tns_sense_avg:  -1.0000   tns_sense_num: -1
 is current best
CDN_DP_region_0_0_c7 in async_fifo: area: 644666555 ,dp = 2 mux = 1 sg = very_fast    worst_clk_period: -1.0000 
    wns: 0  norm_wns:  -1.0000 
    fail_endp: -1 
    tns:  0  tns_per_endp:  -1.0000   norm_tns_per_endp:  -1.0000 
    tns_sense_max:  -1.0000  tns_sense_avg:  -1.0000   tns_sense_num: -1
 is current best
Best config: CDN_DP_region_0_0_c7 in async_fifo: area: 644666555 ,dp = 2 mux = 1 sg = very_fast    worst_clk_period: -1.0000 
    wns: 0  norm_wns:  -1.0000 
    fail_endp: -1 
    tns:  0  tns_per_endp:  -1.0000   norm_tns_per_endp:  -1.0000 
    tns_sense_max:  -1.0000  tns_sense_avg:  -1.0000   tns_sense_num: -1
  Smallest config area : 644666555.  Fastest config wns;  0
##>+----------------------------------------------------------------------------------------------------------------------------------------------------------------+
##>Summary table of configs (Best config is CDN_DP_region_0_0_c7)
##>+----------------------------------------------------------------------------------------------------------------------------------------------------------------+
##>                     0                  1                  2                  3                  4                  5                  6                  7            
##>+----------------------------------------------------------------------------------------------------------------------------------------------------------------+
##>           Area        667554125          644666555          644666555          644666555          644666555          644666555          644666555          644666555  
##>            WNS        +11680.60          +11783.80          +11783.80          +11783.80          +11783.80          +11783.80          +11783.80          +11783.80  
##>            TNS                0                  0                  0                  0                  0                  0                  0                  0  
##>    Num Rewrite                0                  0                  0                  0                  0                  0                  0                  0  
##>     Num Factor                0                  0                  0                  0                  0                  0                  0                  0  
##>      Num Share                0                  0                  0                  0                  0                  0                  0                  0  
##>   Num CmultCse                0                  0                  0                  0                  0                  0                  0                  0  
##>   Num Downsize                0                  0                  0                  0                  0                  0                  0                  0  
##>  Num Speculate                0                  0                  0                  0                  0                  0                  0                  0  
##>     Runtime(s)                0                  0                  0                  0                  0                  0                  0                  0  
+----------------------------------------------------------------------------------------------------------------------------------------------------------------+
##>
##>
##>+------------------------------------------------------------------------------------------------------------------------------------------------------------+
##>Optimization Step DEBUG Table for config CDN_DP_region_0_0_c7
##>
##>                          Step                        Area   ( % Chg)        WNS (Change)        TNS (Change)          Runtime (s)        Comment                   
##>+------------------------------------------------------------------------------------------------------------------------------------------------------------+
##>EquationExtraction              START              667554125 (      )    11680.60 (        )             0 (        )              
##> rewrite                        START              736216835 (+10.29)    11649.90 (  -30.70)             0 (       0)              (a,ar) Expr0_from --> Expr0_to
##>                                  END              827767115 (+12.44)    11649.90 (   +0.00)             0 (       0)           0  
##>                                  END              667554125 ( +0.00)    11680.60 (   +0.00)             0 (       0)           0  
##>createMaxCarrySave              START              667554125 ( +0.00)    11680.60 (   +0.00)             0 (       0)              
##> datapath_rewrite_one_def       START              667554125 ( +0.00)    11680.60 (   +0.00)             0 (       0)              
##>                                  END              667554125 ( +0.00)    11680.60 (   +0.00)             0 (       0)           0  
##> csa_opto                       START              667554125 ( +0.00)    11680.60 (   +0.00)             0 (       0)              
##>                                  END              656110340 ( -1.71)    11749.40 (  +68.80)             0 (       0)           0  
##>                                  END              656110340 ( -1.71)    11749.40 (  +68.80)             0 (       0)           0  
##>canonicalize_by_names           START              656110340 ( +0.00)    11749.40 (   +0.00)             0 (       0)              
##>                                  END              656110340 ( +0.00)    11749.40 (   +0.00)             0 (       0)           0  
##>datapath_rewrite_post_csa_one_  START              656110340 ( +0.00)    11749.40 (   +0.00)             0 (       0)              
##>                                  END              656110340 ( +0.00)    11749.40 (   +0.00)             0 (       0)           0  
##>datapath_csa_factoring_one_gde  START              656110340 ( +0.00)    11749.40 (   +0.00)             0 (       0)              
##>                                  END              656110340 ( +0.00)    11749.40 (   +0.00)             0 (       0)           0  
##>dpopt_share_one_def             START              656110340 ( +0.00)    11749.40 (   +0.00)             0 (       0)              
##>                                  END              656110340 ( +0.00)    11749.40 (   +0.00)             0 (       0)           0  
##>datapath_rewrite_post_share     START              656110340 ( +0.00)    11749.40 (   +0.00)             0 (       0)              
##>                                  END              656110340 ( +0.00)    11749.40 (   +0.00)             0 (       0)           0  
##>dp_combine_const_mult_with_com  START              656110340 ( +0.00)    11749.40 (   +0.00)             0 (       0)              
##>                                  END              656110340 ( +0.00)    11749.40 (   +0.00)             0 (       0)           0  
##>dp_operator_level_decompositio  START              656110340 ( +0.00)    11749.40 (   +0.00)             0 (       0)              
##>                                  END              656110340 ( +0.00)    11749.40 (   +0.00)             0 (       0)           0  
##>selective_flatten_dp_config     START              656110340 ( +0.00)    11749.40 (   +0.00)             0 (       0)              
##>                                  END              656110340 ( +0.00)    11749.40 (   +0.00)             0 (       0)           0  
##>createMaxCarrySave              START              656110340 ( +0.00)    11749.40 (   +0.00)             0 (       0)              
##> datapath_rewrite_one_def       START              656110340 ( +0.00)    11749.40 (   +0.00)             0 (       0)              
##>  fast_cse_elim                 START              656110340 ( +0.00)    11749.40 (   +0.00)             0 (       0)              
##>                                  END              656110340 ( +0.00)    11749.40 (   +0.00)             0 (       0)           0  
##>  fast_cse_elim                 START              656110340 ( +0.00)    11749.40 (   +0.00)             0 (       0)              
##>                                  END              656110340 ( +0.00)    11749.40 (   +0.00)             0 (       0)           0  
##>                                  END              656110340 ( +0.00)    11749.40 (   +0.00)             0 (       0)           0  
##> csa_opto                       START              656110340 ( +0.00)    11749.40 (   +0.00)             0 (       0)              
##>                                  END              656110340 ( +0.00)    11749.40 (   +0.00)             0 (       0)           0  
##>                                  END              656110340 ( +0.00)    11749.40 (   +0.00)             0 (       0)           0  
##>context_based_simplify          START              656110340 ( +0.00)    11749.40 (   +0.00)             0 (       0)              
##>                                  END              644666555 ( -1.74)    11783.80 (  +34.40)             0 (       0)           0  
##>group_csa_final_adder_dp        START              644666555 ( +0.00)    11783.80 (   +0.00)             0 (       0)              
##>                                  END              644666555 ( +0.00)    11783.80 (   +0.00)             0 (       0)           0  
##>dpopt_flatten_critical_muxes_i  START              644666555 ( +0.00)    11783.80 (   +0.00)             0 (       0)              
##>                                  END              644666555 ( +0.00)    11783.80 (   +0.00)             0 (       0)           0  
##>create_score                    START              644666555 ( +0.00)    11783.80 (   +0.00)             0 (       0)              
##>                                  END              644666555 ( +0.00)    11783.80 (   +0.00)             0 (       0)           0  
##>+------------------------------------------------------------------------------------------------------------------------------------------------------------+
Committed config: CDN_DP_region_0_0_c7
          Optimizations applied to 'very_fast' configuration:
            rewriting(0), factoring(0), sharing(0), cmultcse(0), downsizing(0), speculation(0)
CSAGen Prep Share:0 Re-Write:0 Speculation: 0
MaxCSA: Successfully built Maximal CSA Expression Expr1
CDN_DP_region_0_1 level = 0 loads = 0 drivers = 0
CDN_DP_region_0_1_c0 in async_fifo: area: 76291900 ,dp = 1 mux = 0 sg = slow         worst_clk_period: -1.0000 
    wns: 0  norm_wns:  -1.0000 
    fail_endp: -1 
    tns:  0  tns_per_endp:  -1.0000   norm_tns_per_endp:  -1.0000 
    tns_sense_max:  -1.0000  tns_sense_avg:  -1.0000   tns_sense_num: -1
 skipped
CDN_DP_region_0_1_c1 in async_fifo: area: 53404330 ,dp = 1 mux = 0 sg = fast         worst_clk_period: -1.0000 
    wns: 0  norm_wns:  -1.0000 
    fail_endp: -1 
    tns:  0  tns_per_endp:  -1.0000   norm_tns_per_endp:  -1.0000 
    tns_sense_max:  -1.0000  tns_sense_avg:  -1.0000   tns_sense_num: -1
 is current best
CDN_DP_region_0_1_c2 in async_fifo: area: 53404330 ,dp = 1 mux = 0 sg = very_slow    worst_clk_period: -1.0000 
    wns: 0  norm_wns:  -1.0000 
    fail_endp: -1 
    tns:  0  tns_per_endp:  -1.0000   norm_tns_per_endp:  -1.0000 
    tns_sense_max:  -1.0000  tns_sense_avg:  -1.0000   tns_sense_num: -1
 is current best
CDN_DP_region_0_1_c3 in async_fifo: area: 53404330 ,dp = 1 mux = 0 sg = very_fast    worst_clk_period: -1.0000 
    wns: 0  norm_wns:  -1.0000 
    fail_endp: -1 
    tns:  0  tns_per_endp:  -1.0000   norm_tns_per_endp:  -1.0000 
    tns_sense_max:  -1.0000  tns_sense_avg:  -1.0000   tns_sense_num: -1
 is current best
CDN_DP_region_0_1_c4 in async_fifo: area: 53404330 ,dp = 1 mux = 0 sg = very_fast    worst_clk_period: -1.0000 
    wns: 0  norm_wns:  -1.0000 
    fail_endp: -1 
    tns:  0  tns_per_endp:  -1.0000   norm_tns_per_endp:  -1.0000 
    tns_sense_max:  -1.0000  tns_sense_avg:  -1.0000   tns_sense_num: -1
 is current best
CDN_DP_region_0_1_c5 in async_fifo: area: 53404330 ,dp = 1 mux = 0 sg = very_fast    worst_clk_period: -1.0000 
    wns: 0  norm_wns:  -1.0000 
    fail_endp: -1 
    tns:  0  tns_per_endp:  -1.0000   norm_tns_per_endp:  -1.0000 
    tns_sense_max:  -1.0000  tns_sense_avg:  -1.0000   tns_sense_num: -1
 is current best
CDN_DP_region_0_1_c6 in async_fifo: area: 53404330 ,dp = 1 mux = 0 sg = very_fast    worst_clk_period: -1.0000 
    wns: 0  norm_wns:  -1.0000 
    fail_endp: -1 
    tns:  0  tns_per_endp:  -1.0000   norm_tns_per_endp:  -1.0000 
    tns_sense_max:  -1.0000  tns_sense_avg:  -1.0000   tns_sense_num: -1
 is current best
CDN_DP_region_0_1_c7 in async_fifo: area: 53404330 ,dp = 1 mux = 0 sg = very_fast    worst_clk_period: -1.0000 
    wns: 0  norm_wns:  -1.0000 
    fail_endp: -1 
    tns:  0  tns_per_endp:  -1.0000   norm_tns_per_endp:  -1.0000 
    tns_sense_max:  -1.0000  tns_sense_avg:  -1.0000   tns_sense_num: -1
 is current best
Best config: CDN_DP_region_0_1_c7 in async_fifo: area: 53404330 ,dp = 1 mux = 0 sg = very_fast    worst_clk_period: -1.0000 
    wns: 0  norm_wns:  -1.0000 
    fail_endp: -1 
    tns:  0  tns_per_endp:  -1.0000   norm_tns_per_endp:  -1.0000 
    tns_sense_max:  -1.0000  tns_sense_avg:  -1.0000   tns_sense_num: -1
  Smallest config area : 53404330.  Fastest config wns;  0
##>+----------------------------------------------------------------------------------------------------------------------------------------------------------------+
##>Summary table of configs (Best config is CDN_DP_region_0_1_c7)
##>+----------------------------------------------------------------------------------------------------------------------------------------------------------------+
##>                     0                  1                  2                  3                  4                  5                  6                  7            
##>+----------------------------------------------------------------------------------------------------------------------------------------------------------------+
##>           Area         76291900           53404330           53404330           53404330           53404330           53404330           53404330           53404330  
##>            WNS         +7743.20           +7846.40           +7846.40           +7846.40           +7846.40           +7846.40           +7846.40           +7846.40  
##>            TNS                0                  0                  0                  0                  0                  0                  0                  0  
##>    Num Rewrite                0                  0                  0                  0                  0                  0                  0                  0  
##>     Num Factor                0                  0                  0                  0                  0                  0                  0                  0  
##>      Num Share                0                  0                  0                  0                  0                  0                  0                  0  
##>   Num CmultCse                0                  0                  0                  0                  0                  0                  0                  0  
##>   Num Downsize                0                  0                  0                  0                  0                  0                  0                  0  
##>  Num Speculate                0                  0                  0                  0                  0                  0                  0                  0  
##>     Runtime(s)                0                  0                  0                  0                  0                  0                  0                  0  
+----------------------------------------------------------------------------------------------------------------------------------------------------------------+
##>
##>
##>+------------------------------------------------------------------------------------------------------------------------------------------------------------+
##>Optimization Step DEBUG Table for config CDN_DP_region_0_1_c7
##>
##>                          Step                        Area   ( % Chg)        WNS (Change)        TNS (Change)          Runtime (s)        Comment                   
##>+------------------------------------------------------------------------------------------------------------------------------------------------------------+
##>EquationExtraction              START               76291900 (      )     7743.20 (        )             0 (        )              
##> rewrite                        START              144954610 (+90.00)     7697.50 (  -45.70)             0 (       0)              (a,ar) Expr1_from --> Expr1_to
##>                                  END              236504890 (+63.16)     7697.50 (   +0.00)             0 (       0)           0  
##>                                  END               76291900 ( +0.00)     7743.20 (   +0.00)             0 (       0)           0  
##>createMaxCarrySave              START               76291900 ( +0.00)     7743.20 (   +0.00)             0 (       0)              
##> datapath_rewrite_one_def       START               76291900 ( +0.00)     7743.20 (   +0.00)             0 (       0)              
##>                                  END               76291900 ( +0.00)     7743.20 (   +0.00)             0 (       0)           0  
##> csa_opto                       START               76291900 ( +0.00)     7743.20 (   +0.00)             0 (       0)              
##>                                  END               64848115 (-15.00)     7812.00 (  +68.80)             0 (       0)           0  
##>                                  END               64848115 (-15.00)     7812.00 (  +68.80)             0 (       0)           0  
##>canonicalize_by_names           START               64848115 ( +0.00)     7812.00 (   +0.00)             0 (       0)              
##>                                  END               64848115 ( +0.00)     7812.00 (   +0.00)             0 (       0)           0  
##>datapath_rewrite_post_csa_one_  START               64848115 ( +0.00)     7812.00 (   +0.00)             0 (       0)              
##>                                  END               64848115 ( +0.00)     7812.00 (   +0.00)             0 (       0)           0  
##>datapath_csa_factoring_one_gde  START               64848115 ( +0.00)     7812.00 (   +0.00)             0 (       0)              
##>                                  END               64848115 ( +0.00)     7812.00 (   +0.00)             0 (       0)           0  
##>dpopt_share_one_def             START               64848115 ( +0.00)     7812.00 (   +0.00)             0 (       0)              
##>                                  END               64848115 ( +0.00)     7812.00 (   +0.00)             0 (       0)           0  
##>datapath_rewrite_post_share     START               64848115 ( +0.00)     7812.00 (   +0.00)             0 (       0)              
##>                                  END               64848115 ( +0.00)     7812.00 (   +0.00)             0 (       0)           0  
##>dp_combine_const_mult_with_com  START               64848115 ( +0.00)     7812.00 (   +0.00)             0 (       0)              
##>                                  END               64848115 ( +0.00)     7812.00 (   +0.00)             0 (       0)           0  
##>dp_operator_level_decompositio  START               64848115 ( +0.00)     7812.00 (   +0.00)             0 (       0)              
##>                                  END               64848115 ( +0.00)     7812.00 (   +0.00)             0 (       0)           0  
##>selective_flatten_dp_config     START               64848115 ( +0.00)     7812.00 (   +0.00)             0 (       0)              
##>                                  END               64848115 ( +0.00)     7812.00 (   +0.00)             0 (       0)           0  
##>createMaxCarrySave              START               64848115 ( +0.00)     7812.00 (   +0.00)             0 (       0)              
##> datapath_rewrite_one_def       START               64848115 ( +0.00)     7812.00 (   +0.00)             0 (       0)              
##>  fast_cse_elim                 START               64848115 ( +0.00)     7812.00 (   +0.00)             0 (       0)              
##>                                  END               64848115 ( +0.00)     7812.00 (   +0.00)             0 (       0)           0  
##>  fast_cse_elim                 START               64848115 ( +0.00)     7812.00 (   +0.00)             0 (       0)              
##>                                  END               64848115 ( +0.00)     7812.00 (   +0.00)             0 (       0)           0  
##>                                  END               64848115 ( +0.00)     7812.00 (   +0.00)             0 (       0)           0  
##> csa_opto                       START               64848115 ( +0.00)     7812.00 (   +0.00)             0 (       0)              
##>                                  END               64848115 ( +0.00)     7812.00 (   +0.00)             0 (       0)           0  
##>                                  END               64848115 ( +0.00)     7812.00 (   +0.00)             0 (       0)           0  
##>context_based_simplify          START               64848115 ( +0.00)     7812.00 (   +0.00)             0 (       0)              
##>                                  END               53404330 (-17.65)     7846.40 (  +34.40)             0 (       0)           0  
##>group_csa_final_adder_dp        START               53404330 ( +0.00)     7846.40 (   +0.00)             0 (       0)              
##>                                  END               53404330 ( +0.00)     7846.40 (   +0.00)             0 (       0)           0  
##>dpopt_flatten_critical_muxes_i  START               53404330 ( +0.00)     7846.40 (   +0.00)             0 (       0)              
##>                                  END               53404330 ( +0.00)     7846.40 (   +0.00)             0 (       0)           0  
##>create_score                    START               53404330 ( +0.00)     7846.40 (   +0.00)             0 (       0)              
##>                                  END               53404330 ( +0.00)     7846.40 (   +0.00)             0 (       0)           0  
##>+------------------------------------------------------------------------------------------------------------------------------------------------------------+
Committed config: CDN_DP_region_0_1_c7
          Optimizations applied to 'very_fast' configuration:
            rewriting(0), factoring(0), sharing(0), cmultcse(0), downsizing(0), speculation(0)
Number of big hc bmuxes after = 0
Starting logic reduction [v1.0] (stage: post_rtlopt, startdef: async_fifo, recur: true)
Completed logic reduction (accepts: 0, rejects: 0, runtime: 0.000s)
Starting mux data reorder optimization [v1.0] (stage: post_rtlopt, startdef: async_fifo, recur: true)
Completed mux data reorder optimization (accepts: 0, rejects: 0, runtime: 0.000s)

Stage: post_rtlopt
----------------------------------------------------------
| Transform           | Accepts | Rejects | Runtime (ms) | 
----------------------------------------------------------
| hlo_logic_reduction |       0 |       0 |         0.00 | 
| hlo_mux_reorder     |       0 |       0 |         0.00 | 
----------------------------------------------------------
Starting mux speculation [v1.0] (stage: post_muxopt, startdef: async_fifo, recur: true)
Starting speculation optimization
Completed speculation optimization (accepts:0)
Completed mux speculation (accepts: 0, rejects: 0, runtime: 0.008s)

Stage: post_muxopt
------------------------------------------------------
| Transform       | Accepts | Rejects | Runtime (ms) | 
------------------------------------------------------
| hlo_speculation |       0 |       0 |         8.00 | 
------------------------------------------------------
==================================
Stage : to_generic 
==================================
  =================
   Message Summary
  =================
--------------------------------------------------------------------------------
|     Id     |  Sev   |Count |                  Message Text                   |
--------------------------------------------------------------------------------
| CDFG-250   |Info    |    1 |Processing multi-dimensional arrays.             |
| CDFG-372   |Info    |    9 |Bitwidth mismatch in assignment.                 |
|            |        |      |Review and make sure the mismatch is             |
|            |        |      | unintentional. Genus can possibly issue         |
|            |        |      | bitwidth mismatch warning for explicit          |
|            |        |      | assignments present in RTL as-well-as for       |
|            |        |      | implicit assignments inferred by the tool. For  |
|            |        |      | example, in case of enum declaration without    |
|            |        |      | value, the tool will implicitly assign value to |
|            |        |      | the enum variables. It also issues the warning  |
|            |        |      | for any bitwidth mismatch that appears in this  |
|            |        |      | implicit assignment.                            |
| CDFG-818   |Warning |    1 |Using default parameter value for module         |
|            |        |      | elaboration.                                    |
| CWD-19     |Info    |   20 |An implementation was inferred.                  |
| DPOPT-1    |Info    |    1 |Optimizing datapath logic.                       |
| DPOPT-2    |Info    |    1 |Done optimizing datapath logic.                  |
| DPOPT-3    |Info    |    2 |Implementing datapath configurations.            |
| DPOPT-4    |Info    |    2 |Done implementing datapath configurations.       |
| DPOPT-6    |Info    |    1 |Pre-processed datapath logic.                    |
| ELAB-1     |Info    |    1 |Elaborating Design.                              |
| ELAB-3     |Info    |    1 |Done Elaborating Design.                         |
| GLO-42     |Info    |    2 |Equivalent sequential instances have been        |
|            |        |      | merged.                                         |
|            |        |      |To prevent merging of sequential instances, set  |
|            |        |      | the 'optimize_merge_flops' and                  |
|            |        |      | 'optimize_merge_latches' root attributes to     |
|            |        |      | 'false' or the 'optimize_merge_seq' instance    |
|            |        |      | attribute to 'false'.                           |
| LBR-22     |Warning |  958 |Multiply-defined library cell.                   |
|            |        |      |Library cell names must be unique.  Any          |
|            |        |      | duplicates will be deleted.  Only the first     |
|            |        |      | (as determined by the order of libraries)       |
|            |        |      | will be retained.                               |
| LBR-38     |Warning |    2 |Libraries have inconsistent nominal operating    |
|            |        |      | conditions. In the Liberty library, there are   |
|            |        |      | attributes called nom_voltage, nom_process and  |
|            |        |      | nom_temperature. Genus reports the message, if  |
|            |        |      | the respective values of the 2 given .libs      |
|            |        |      | differ.                                         |
|            |        |      |This is a common source of delay calculation     |
|            |        |      | confusion and should be avoided.                |
| LBR-41     |Info    |    3 |An output library pin lacks a function           |
|            |        |      | attribute.                                      |
|            |        |      |If the remainder of this library cell's semantic |
|            |        |      | checks are successful, it will be considered as |
|            |        |      | a timing-model                                  |
|            |        |      | (because one of its outputs does not have a val |
|            |        |      | id function.                                    |
| LBR-155    |Info    |  372 |Mismatch in unateness between 'timing_sense'     |
|            |        |      | attribute and the function.                     |
|            |        |      |The 'timing_sense' attribute will be respected.  |
| LBR-161    |Info    |    1 |Setting the maximum print count of this message  |
|            |        |      | to 10 if information_level is less than 9.      |
| LBR-162    |Info    |  124 |Both 'pos_unate' and 'neg_unate' timing_sense    |
|            |        |      | arcs have been processed.                       |
|            |        |      |Setting the 'timing_sense' to non_unate.         |
| LBR-170    |Info    |   64 |Ignoring specified timing sense.                 |
|            |        |      |Timing sense should never be set with            |
|            |        |      | 'rising_edge' or 'falling_edge' timing type.    |
| LBR-412    |Info    |    3 |Created nominal operating condition.             |
|            |        |      |The nominal operating condition is represented,  |
|            |        |      | either by the nominal PVT values specified in   |
|            |        |      | the library source                              |
|            |        |      | (via nom_process,nom_voltage and nom_temperatur |
|            |        |      | e respectively)                                 |
|            |        |      | , or by the default PVT values (1.0,1.0,1.0).   |
| LBR-516    |Info    |    3 |Missing library level attribute.                 |
| LBR-518    |Info    |    3 |Missing a function attribute in the output pin   |
|            |        |      | definition.                                     |
| LBR-785    |Info    |  958 |Stored shadowed libcells.                        |
|            |        |      |Before deleting duplicate libcells, their names  |
|            |        |      | are stored.                                     |
| PHYS-752   |Info    |    1 |Partition Based Synthesis execution skipped.     |
| RPT-16     |Info    |    1 |Joules engine is used.                           |
| RPT-80     |Warning |    1 |The details given in report might be incorrect   |
|            |        |      | or incomplete.                                  |
|            |        |      |Map the design using syn_map before using the    |
|            |        |      | '-detail' option of the 'report_area' command.  |
| SYNTH-1    |Info    |    1 |Synthesizing.                                    |
| TIM-1000   |Info    |    1 |Multimode clock gating check is disabled.        |
| VLOGPT-506 |Warning |    2 |Unused attribute.                                |
--------------------------------------------------------------------------------
Mapper: Libraries have:
	domain _default_: 324 combo usable cells and 128 sequential usable cells
Multi-threaded constant propagation [1|0] ...
Multi-threaded Virtual Mapping    (8 threads, 8 of 20 CPUs usable)
==================================
Stage : first_condense 
==================================
  =================
   Message Summary
  =================
---------------------------------------------------------------
|  Id  |Sev  |Count |              Message Text               |
---------------------------------------------------------------
| GB-6 |Info |    2 |A datapath component has been ungrouped. |
---------------------------------------------------------------
 
Global mapping target info
==========================
Cost Group 'rclk' target slack:   -21 ps
Target path end-point (Pin: wgray_rclk_ff2_reg[3]/d)

Cost Group 'wclk' target slack:   -21 ps
Target path end-point (Pin: rgray_wclk_ff2_reg[3]/d)


State Retention Synthesis Status
================================

Category                        Flops   Percentage
--------------------------------------------------
Total instances                   104        100.0
Excluded from State Retention     104        100.0
    - Will not convert            104        100.0
      - Preserved                   0          0.0
      - Power intent excluded     104        100.0
    - Could not convert             0          0.0
      - Scan type                   0          0.0
      - No suitable cell            0          0.0
State Retention instances           0          0.0
--------------------------------------------------

PBS_Generic_Opt-Post - Elapsed_Time 1, CPU_Time 1.5860849999999997
stamp 'PBS_Generic_Opt-Post' being created for table 'pbs_debug'

  Total Time (Wall) |  Stage Time (Wall)  |   % (Wall)   |    Date - Time     |  Memory   | Stage
--------------------+---------------------+--------------+--------------------+-----------+----------------------
 00:00:04(00:00:02) |  00:00:00(00:00:00) |   0.0(  0.0) |   16:45:34 (Mar13) |  218.7 MB | PBS_Generic-Start
--------------------+---------------------+--------------+--------------------+-----------+----------------------
 00:00:06(00:00:03) |  00:00:01(00:00:01) | 100.0(100.0) |   16:45:35 (Mar13) |  800.8 MB | PBS_Generic_Opt-Post
--------------------+---------------------+--------------+--------------------+-----------+----------------------
Number of threads: 8 * 1   (id: pbs_debug, time_info v1.57)
Info: (*N*) indicates data that was populated from previously saved time_info database
Info: CPU time includes time of parent + longest thread
PBS_Generic-Postgen HBO Optimizations - Elapsed_Time 0, CPU_Time 0.0
stamp 'PBS_Generic-Postgen HBO Optimizations' being created for table 'pbs_debug'

  Total Time (Wall) |  Stage Time (Wall)  |   % (Wall)   |    Date - Time     |  Memory   | Stage
--------------------+---------------------+--------------+--------------------+-----------+----------------------
 00:00:04(00:00:02) |  00:00:00(00:00:00) |   0.0(  0.0) |   16:45:34 (Mar13) |  218.7 MB | PBS_Generic-Start
--------------------+---------------------+--------------+--------------------+-----------+----------------------
 00:00:06(00:00:03) |  00:00:01(00:00:01) | 100.0(100.0) |   16:45:35 (Mar13) |  800.8 MB | PBS_Generic_Opt-Post
--------------------+---------------------+--------------+--------------------+-----------+----------------------
 00:00:06(00:00:03) |  00:00:00(00:00:00) |   0.0(  0.0) |   16:45:35 (Mar13) |  800.8 MB | PBS_Generic-Postgen HBO Optimizations
--------------------+---------------------+--------------+--------------------+-----------+----------------------
Number of threads: 8 * 1   (id: pbs_debug, time_info v1.57)
Info: (*N*) indicates data that was populated from previously saved time_info database
Info: CPU time includes time of parent + longest thread
##>=================== Cadence Confidential (Generic-Logical) ===================
##>=================== Cadence Confidential (Generic-Logical) ===================
##>Main Thread Summary:
##>----------------------------------------------------------------------------------------
##>STEP                           Elapsed       WNS       TNS     Insts      Area    Memory
##>----------------------------------------------------------------------------------------
##>G:Initial                            0         -         -       208      3936       218
##>G:Setup                              0         -         -         -         -         -
##>G:Launch ST                          0         -         -         -         -         -
##>G:Design Partition                   0         -         -         -         -         -
##>G:Create Partition Netlists          0         -         -         -         -         -
##>G:Init Power                         0         -         -         -         -         -
##>G:Budgeting                          0         -         -         -         -         -
##>G:Derenv-DB                          0         -         -         -         -         -
##>G:Debug Outputs                      0         -         -         -         -         -
##>G:ST loading                         0         -         -         -         -         -
##>G:Distributed                        0         -         -         -         -         -
##>G:Timer                              0         -         -         -         -         -
##>G:Assembly                           0         -         -         -         -         -
##>G:DFT                                0         -         -         -         -         -
##>G:Const Prop                         0         -         -       343      4592       800
##>G:Misc                               1
##>----------------------------------------------------------------------------------------
##>Total Elapsed                        1
##>========================================================================================
      flow.cputime  flow.realtime  timing.setup.tns  timing.setup.wns  snapshot
UM:*                                                                   syn_gen
##Generic Timing Info for library domain: _default_ typical gate delay: 127.0 ps std_slew: 15.5 ps std_load: 7.0 fF
Mapper: Libraries have:
	domain _default_: 324 combo usable cells and 128 sequential usable cells
Configuring mapper costing (none)
TNS Restructuring config: no_value at stage: map applied.
PBS_TechMap-Start - Elapsed_Time 0, CPU_Time 0.0
stamp 'PBS_TechMap-Start' being created for table 'pbs_debug'

  Total Time (Wall) |  Stage Time (Wall)  |   % (Wall)   |    Date - Time     |  Memory   | Stage
--------------------+---------------------+--------------+--------------------+-----------+----------------------
 00:00:04(00:00:02) |  00:00:00(00:00:00) |   0.0(  0.0) |   16:45:34 (Mar13) |  218.7 MB | PBS_Generic-Start
--------------------+---------------------+--------------+--------------------+-----------+----------------------
 00:00:06(00:00:03) |  00:00:01(00:00:01) | 100.0(100.0) |   16:45:35 (Mar13) |  800.8 MB | PBS_Generic_Opt-Post
--------------------+---------------------+--------------+--------------------+-----------+----------------------
 00:00:06(00:00:03) |  00:00:00(00:00:00) |   0.0(  0.0) |   16:45:35 (Mar13) |  800.8 MB | PBS_Generic-Postgen HBO Optimizations
--------------------+---------------------+--------------+--------------------+-----------+----------------------
 00:00:06(00:00:03) |  00:00:00(00:00:00) |   0.0(  0.0) |   16:45:35 (Mar13) |  800.8 MB | PBS_TechMap-Start
--------------------+---------------------+--------------+--------------------+-----------+----------------------
Number of threads: 8 * 1   (id: pbs_debug, time_info v1.57)
Info: (*N*) indicates data that was populated from previously saved time_info database
Info: CPU time includes time of parent + longest thread
PBS_TechMap-Premap HBO Optimizations - Elapsed_Time 0, CPU_Time 0.0
stamp 'PBS_TechMap-Premap HBO Optimizations' being created for table 'pbs_debug'

  Total Time (Wall) |  Stage Time (Wall)  |   % (Wall)   |    Date - Time     |  Memory   | Stage
--------------------+---------------------+--------------+--------------------+-----------+----------------------
 00:00:04(00:00:02) |  00:00:00(00:00:00) |   0.0(  0.0) |   16:45:34 (Mar13) |  218.7 MB | PBS_Generic-Start
--------------------+---------------------+--------------+--------------------+-----------+----------------------
 00:00:06(00:00:03) |  00:00:01(00:00:01) | 100.0(100.0) |   16:45:35 (Mar13) |  800.8 MB | PBS_Generic_Opt-Post
--------------------+---------------------+--------------+--------------------+-----------+----------------------
 00:00:06(00:00:03) |  00:00:00(00:00:00) |   0.0(  0.0) |   16:45:35 (Mar13) |  800.8 MB | PBS_Generic-Postgen HBO Optimizations
--------------------+---------------------+--------------+--------------------+-----------+----------------------
 00:00:06(00:00:03) |  00:00:00(00:00:00) |   0.0(  0.0) |   16:45:35 (Mar13) |  800.8 MB | PBS_TechMap-Start
--------------------+---------------------+--------------+--------------------+-----------+----------------------
 00:00:06(00:00:03) |  00:00:00(00:00:00) |   0.0(  0.0) |   16:45:35 (Mar13) |  800.8 MB | PBS_TechMap-Premap HBO Optimizations
--------------------+---------------------+--------------+--------------------+-----------+----------------------
Number of threads: 8 * 1   (id: pbs_debug, time_info v1.57)
Info: (*N*) indicates data that was populated from previously saved time_info database
Info: CPU time includes time of parent + longest thread
Mapper: Libraries have:
	domain _default_: 324 combo usable cells and 128 sequential usable cells
Multi-threaded Virtual Mapping    (8 threads per ST process, 8 of 20 CPUs usable)
 
Global mapping target info
==========================
Cost Group 'rclk' target slack:   -21 ps
Target path end-point (Pin: wgray_rclk_ff2_reg[3]/d)

Cost Group 'wclk' target slack:   -21 ps
Target path end-point (Pin: rgray_wclk_ff2_reg[3]/d)

Multi-threaded Technology Mapping (8 threads per ST process, 8 of 20 CPUs usable)
 
Global mapping status
=====================
                                   Group   
                                  Tot Wrst 
                           Total  Weighted 
Operation                   Area   Slacks  
 global_map                 2751      -58 
            Worst cost_group: rclk, WNS: -29.1
            Path: wgray_rclk_ff1_reg[0]/CK --> wgray_rclk_ff2_reg[0]/D

    Cost Group            Target    Slack    Diff.  Constr.
-----------------------------------------------------------
          rclk               -21      -29      -1%      500     (launch clock period: 14000)
          wclk               -21      -29      -1%      500     (launch clock period: 10000)

 
Global incremental target info
==============================
Cost Group 'rclk' target slack:   -29 ps
Target path end-point (Pin: wgray_rclk_ff2_reg[3]/D (DFFRHQX1/D))

Cost Group 'wclk' target slack:   -29 ps
Target path end-point (Pin: rgray_wclk_ff2_reg[3]/D (DFFRHQX1/D))

==================================
Stage : global_incr_map 
==================================
  =================
   Message Summary
  =================
-------------------------------------------------------------------------
|    Id    |Sev  |Count |                 Message Text                  |
-------------------------------------------------------------------------
| PA-7     |Info |    4 |Resetting power analysis results.              |
|          |     |      |All computed switching activities are removed. |
| PHYS-752 |Info |    1 |Partition Based Synthesis execution skipped.   |
| SYNTH-2  |Info |    1 |Done synthesizing.                             |
| SYNTH-4  |Info |    1 |Mapping.                                       |
-------------------------------------------------------------------------
 
Global incremental optimization status
======================================
                                   Group   
                                  Tot Wrst 
                           Total  Weighted 
Operation                   Area   Slacks  
 global_incr                2830      -57 
            Worst cost_group: rclk, WNS: -28.8
            Path: wgray_rclk_ff1_reg[0]/CK --> wgray_rclk_ff2_reg[0]/D

    Cost Group            Target    Slack    Diff.  Constr.
-----------------------------------------------------------
          rclk               -29      -29      +0%      500     (launch clock period: 14000)
          wclk               -29      -29      +0%      500     (launch clock period: 10000)


State Retention Synthesis Status
================================

Category                        Flops   Percentage
--------------------------------------------------
Total instances                   104        100.0
Excluded from State Retention     104        100.0
    - Will not convert            104        100.0
      - Preserved                   0          0.0
      - Power intent excluded     104        100.0
    - Could not convert             0          0.0
      - Scan type                   0          0.0
      - No suitable cell            0          0.0
State Retention instances           0          0.0
--------------------------------------------------

INFO: skipping constant propagation
PBS_Techmap-Global Mapping - Elapsed_Time 1, CPU_Time 0.7649289999999995
stamp 'PBS_Techmap-Global Mapping' being created for table 'pbs_debug'

  Total Time (Wall) |  Stage Time (Wall)  |   % (Wall)   |    Date - Time     |  Memory   | Stage
--------------------+---------------------+--------------+--------------------+-----------+----------------------
 00:00:04(00:00:02) |  00:00:00(00:00:00) |   0.0(  0.0) |   16:45:34 (Mar13) |  218.7 MB | PBS_Generic-Start
--------------------+---------------------+--------------+--------------------+-----------+----------------------
 00:00:06(00:00:03) |  00:00:01(00:00:01) |  67.5( 50.0) |   16:45:35 (Mar13) |  800.8 MB | PBS_Generic_Opt-Post
--------------------+---------------------+--------------+--------------------+-----------+----------------------
 00:00:06(00:00:03) |  00:00:00(00:00:00) |   0.0(  0.0) |   16:45:35 (Mar13) |  800.8 MB | PBS_Generic-Postgen HBO Optimizations
--------------------+---------------------+--------------+--------------------+-----------+----------------------
 00:00:06(00:00:03) |  00:00:00(00:00:00) |   0.0(  0.0) |   16:45:35 (Mar13) |  800.8 MB | PBS_TechMap-Start
--------------------+---------------------+--------------+--------------------+-----------+----------------------
 00:00:06(00:00:03) |  00:00:00(00:00:00) |   0.0(  0.0) |   16:45:35 (Mar13) |  800.8 MB | PBS_TechMap-Premap HBO Optimizations
--------------------+---------------------+--------------+--------------------+-----------+----------------------
 00:00:07(00:00:04) |  00:00:00(00:00:01) |  32.5( 50.0) |   16:45:36 (Mar13) |  800.8 MB | PBS_Techmap-Global Mapping
--------------------+---------------------+--------------+--------------------+-----------+----------------------
Number of threads: 8 * 1   (id: pbs_debug, time_info v1.57)
Info: (*N*) indicates data that was populated from previously saved time_info database
Info: CPU time includes time of parent + longest thread
Info    : Wrote formal verification information. [CFM-5]
        : Wrote 'fv/async_fifo/fv_map.fv.json' for netlist 'fv/async_fifo/fv_map.v.gz'.
Info    : Existing dofile found. Copied as fv/async_fifo/rtl_to_fv_map.do~.
Info    : Wrote dofile. [CFM-1]
        : Dofile is 'fv/async_fifo/rtl_to_fv_map.do'.
        : Alias mapping flow is enabled.
PBS_TechMap-Datapath Postmap Operations - Elapsed_Time 1, CPU_Time 0.0
stamp 'PBS_TechMap-Datapath Postmap Operations' being created for table 'pbs_debug'

  Total Time (Wall) |  Stage Time (Wall)  |   % (Wall)   |    Date - Time     |  Memory   | Stage
--------------------+---------------------+--------------+--------------------+-----------+----------------------
 00:00:04(00:00:02) |  00:00:00(00:00:00) |   0.0(  0.0) |   16:45:34 (Mar13) |  218.7 MB | PBS_Generic-Start
--------------------+---------------------+--------------+--------------------+-----------+----------------------
 00:00:06(00:00:03) |  00:00:01(00:00:01) |  67.5( 33.3) |   16:45:35 (Mar13) |  800.8 MB | PBS_Generic_Opt-Post
--------------------+---------------------+--------------+--------------------+-----------+----------------------
 00:00:06(00:00:03) |  00:00:00(00:00:00) |   0.0(  0.0) |   16:45:35 (Mar13) |  800.8 MB | PBS_Generic-Postgen HBO Optimizations
--------------------+---------------------+--------------+--------------------+-----------+----------------------
 00:00:06(00:00:03) |  00:00:00(00:00:00) |   0.0(  0.0) |   16:45:35 (Mar13) |  800.8 MB | PBS_TechMap-Start
--------------------+---------------------+--------------+--------------------+-----------+----------------------
 00:00:06(00:00:03) |  00:00:00(00:00:00) |   0.0(  0.0) |   16:45:35 (Mar13) |  800.8 MB | PBS_TechMap-Premap HBO Optimizations
--------------------+---------------------+--------------+--------------------+-----------+----------------------
 00:00:07(00:00:04) |  00:00:00(00:00:01) |  32.5( 33.3) |   16:45:36 (Mar13) |  800.8 MB | PBS_Techmap-Global Mapping
--------------------+---------------------+--------------+--------------------+-----------+----------------------
 00:00:07(00:00:05) |  00:00:00(00:00:01) |   0.0( 33.3) |   16:45:37 (Mar13) |  800.8 MB | PBS_TechMap-Datapath Postmap Operations
--------------------+---------------------+--------------+--------------------+-----------+----------------------
Number of threads: 8 * 1   (id: pbs_debug, time_info v1.57)
Info: (*N*) indicates data that was populated from previously saved time_info database
Info: CPU time includes time of parent + longest thread
PBS_TechMap-Postmap HBO Optimizations - Elapsed_Time 0, CPU_Time -0.0023129999999991213
stamp 'PBS_TechMap-Postmap HBO Optimizations' being created for table 'pbs_debug'

  Total Time (Wall) |  Stage Time (Wall)  |   % (Wall)   |    Date - Time     |  Memory   | Stage
--------------------+---------------------+--------------+--------------------+-----------+----------------------
 00:00:04(00:00:02) |  00:00:00(00:00:00) |   0.0(  0.0) |   16:45:34 (Mar13) |  218.7 MB | PBS_Generic-Start
--------------------+---------------------+--------------+--------------------+-----------+----------------------
 00:00:06(00:00:03) |  00:00:01(00:00:01) |  67.5( 33.3) |   16:45:35 (Mar13) |  800.8 MB | PBS_Generic_Opt-Post
--------------------+---------------------+--------------+--------------------+-----------+----------------------
 00:00:06(00:00:03) |  00:00:00(00:00:00) |   0.0(  0.0) |   16:45:35 (Mar13) |  800.8 MB | PBS_Generic-Postgen HBO Optimizations
--------------------+---------------------+--------------+--------------------+-----------+----------------------
 00:00:06(00:00:03) |  00:00:00(00:00:00) |   0.0(  0.0) |   16:45:35 (Mar13) |  800.8 MB | PBS_TechMap-Start
--------------------+---------------------+--------------+--------------------+-----------+----------------------
 00:00:06(00:00:03) |  00:00:00(00:00:00) |   0.0(  0.0) |   16:45:35 (Mar13) |  800.8 MB | PBS_TechMap-Premap HBO Optimizations
--------------------+---------------------+--------------+--------------------+-----------+----------------------
 00:00:07(00:00:04) |  00:00:00(00:00:01) |  32.6( 33.3) |   16:45:36 (Mar13) |  800.8 MB | PBS_Techmap-Global Mapping
--------------------+---------------------+--------------+--------------------+-----------+----------------------
 00:00:07(00:00:05) |  00:00:00(00:00:01) |   0.0( 33.3) |   16:45:37 (Mar13) |  800.8 MB | PBS_TechMap-Datapath Postmap Operations
--------------------+---------------------+--------------+--------------------+-----------+----------------------
 00:00:07(00:00:05) |  00:00:00(00:00:00) |  -0.1(  0.0) |   16:45:37 (Mar13) |  800.8 MB | PBS_TechMap-Postmap HBO Optimizations
--------------------+---------------------+--------------+--------------------+-----------+----------------------
Number of threads: 8 * 1   (id: pbs_debug, time_info v1.57)
Info: (*N*) indicates data that was populated from previously saved time_info database
Info: CPU time includes time of parent + longest thread
 Doing ConstProp on design:async_fifo ... 

Time taken by ConstProp Step: 00:00:00
PBS_TechMap-Postmap Clock Gating - Elapsed_Time 0, CPU_Time 0.0
stamp 'PBS_TechMap-Postmap Clock Gating' being created for table 'pbs_debug'

  Total Time (Wall) |  Stage Time (Wall)  |   % (Wall)   |    Date - Time     |  Memory   | Stage
--------------------+---------------------+--------------+--------------------+-----------+----------------------
 00:00:04(00:00:02) |  00:00:00(00:00:00) |   0.0(  0.0) |   16:45:34 (Mar13) |  218.7 MB | PBS_Generic-Start
--------------------+---------------------+--------------+--------------------+-----------+----------------------
 00:00:06(00:00:03) |  00:00:01(00:00:01) |  67.5( 33.3) |   16:45:35 (Mar13) |  800.8 MB | PBS_Generic_Opt-Post
--------------------+---------------------+--------------+--------------------+-----------+----------------------
 00:00:06(00:00:03) |  00:00:00(00:00:00) |   0.0(  0.0) |   16:45:35 (Mar13) |  800.8 MB | PBS_Generic-Postgen HBO Optimizations
--------------------+---------------------+--------------+--------------------+-----------+----------------------
 00:00:06(00:00:03) |  00:00:00(00:00:00) |   0.0(  0.0) |   16:45:35 (Mar13) |  800.8 MB | PBS_TechMap-Start
--------------------+---------------------+--------------+--------------------+-----------+----------------------
 00:00:06(00:00:03) |  00:00:00(00:00:00) |   0.0(  0.0) |   16:45:35 (Mar13) |  800.8 MB | PBS_TechMap-Premap HBO Optimizations
--------------------+---------------------+--------------+--------------------+-----------+----------------------
 00:00:07(00:00:04) |  00:00:00(00:00:01) |  32.6( 33.3) |   16:45:36 (Mar13) |  800.8 MB | PBS_Techmap-Global Mapping
--------------------+---------------------+--------------+--------------------+-----------+----------------------
 00:00:07(00:00:05) |  00:00:00(00:00:01) |   0.0( 33.3) |   16:45:37 (Mar13) |  800.8 MB | PBS_TechMap-Datapath Postmap Operations
--------------------+---------------------+--------------+--------------------+-----------+----------------------
 00:00:07(00:00:05) |  00:00:00(00:00:00) |  -0.1(  0.0) |   16:45:37 (Mar13) |  800.8 MB | PBS_TechMap-Postmap HBO Optimizations
--------------------+---------------------+--------------+--------------------+-----------+----------------------
 00:00:07(00:00:05) |  00:00:00(00:00:00) |   0.0(  0.0) |   16:45:37 (Mar13) |  800.8 MB | PBS_TechMap-Postmap Clock Gating
--------------------+---------------------+--------------+--------------------+-----------+----------------------
Number of threads: 8 * 1   (id: pbs_debug, time_info v1.57)
Info: (*N*) indicates data that was populated from previously saved time_info database
Info: CPU time includes time of parent + longest thread
-------------------------------------------------------------------------------
 hi_fo_buf                  2830      -57      -230         0        0        0
            Worst cost_group: rclk, WNS: -28.8
            Path: wgray_rclk_ff1_reg[0]/CK --> wgray_rclk_ff2_reg[0]/D

           Trick     Calls     Accepts   Attempts    Time(secs) 
-----------------------------------------------------------
       hi_fo_buf         0  (        0 /        0 )  0.00

 
Incremental optimization status
===============================
                                   Group   
                                  Tot Wrst     Total - - - - DRC Totals - - - -
                           Total  Weighted      Neg      Max       Max     Max  
Operation                   Area   Slacks      Slack    Trans      Cap   Fanout 
 init_delay                 2830      -57      -230         0        0        0
            Worst cost_group: rclk, WNS: -28.8
            Path: wgray_rclk_ff1_reg[0]/CK --> wgray_rclk_ff2_reg[0]/D

           Trick     Calls     Accepts   Attempts    Time(secs) 
-----------------------------------------------------------
       crit_upsz         2  (        0 /        0 )  0.00
    plc_bal_star         0  (        0 /        0 )  0.00
     drc_buftimb         0  (        0 /        0 )  0.00
          plc_st         2  (        0 /        0 )  0.00
    plc_st_fence         2  (        0 /        0 )  0.00
        plc_star         2  (        0 /        0 )  0.00
      plc_laf_st         2  (        0 /        0 )  0.00
 plc_laf_st_fence         2  (        0 /        0 )  0.00
     drc_buftims         0  (        0 /        0 )  0.00
            fopt         2  (        0 /        0 )  0.00
   plc_laf_lo_st         2  (        0 /        0 )  0.00
       plc_lo_st         2  (        0 /        0 )  0.00
        mb_split         2  (        0 /        0 )  0.00

 
Local TNS optimization status
=============================
                                   Group   
                                  Tot Wrst     Total - - - - DRC Totals - - - -
                           Total  Weighted      Neg      Max       Max     Max  
Operation                   Area   Slacks      Slack    Trans      Cap   Fanout 
 init_tns                   2830      -57      -230         0        0        0
            Worst cost_group: rclk, WNS: -28.8
            Path: wgray_rclk_ff1_reg[0]/CK --> wgray_rclk_ff2_reg[0]/D
 incr_tns                   2830      -57      -230         0        0        0
            Worst cost_group: rclk, WNS: -28.8
            Path: wgray_rclk_ff1_reg[0]/CK --> wgray_rclk_ff2_reg[0]/D

           Trick     Calls     Accepts   Attempts    Time(secs) 
-----------------------------------------------------------
    plc_bal_star         0  (        0 /        0 )  0.00
     drc_buftimb         0  (        0 /        0 )  0.00
     drc_buftims         0  (        0 /        0 )  0.00
       crit_upsz         8  (        0 /        0 )  0.01
   plc_laf_lo_st         8  (        0 /        0 )  0.00
       plc_lo_st         8  (        0 /        0 )  0.00
            fopt         8  (        0 /        0 )  0.00
       crit_dnsz         8  (        0 /        0 )  0.01
             dup         8  (        0 /        0 )  0.00
        setup_dn         8  (        0 /        0 )  0.00
        mb_split         8  (        0 /        0 )  0.00

PBS_TechMap-Postmap Cleanup - Elapsed_Time 0, CPU_Time -0.0015300000000006975
stamp 'PBS_TechMap-Postmap Cleanup' being created for table 'pbs_debug'

  Total Time (Wall) |  Stage Time (Wall)  |   % (Wall)   |    Date - Time     |  Memory   | Stage
--------------------+---------------------+--------------+--------------------+-----------+----------------------
 00:00:04(00:00:02) |  00:00:00(00:00:00) |   0.0(  0.0) |   16:45:34 (Mar13) |  218.7 MB | PBS_Generic-Start
--------------------+---------------------+--------------+--------------------+-----------+----------------------
 00:00:06(00:00:03) |  00:00:01(00:00:01) |  67.6( 33.3) |   16:45:35 (Mar13) |  800.8 MB | PBS_Generic_Opt-Post
--------------------+---------------------+--------------+--------------------+-----------+----------------------
 00:00:06(00:00:03) |  00:00:00(00:00:00) |   0.0(  0.0) |   16:45:35 (Mar13) |  800.8 MB | PBS_Generic-Postgen HBO Optimizations
--------------------+---------------------+--------------+--------------------+-----------+----------------------
 00:00:06(00:00:03) |  00:00:00(00:00:00) |   0.0(  0.0) |   16:45:35 (Mar13) |  800.8 MB | PBS_TechMap-Start
--------------------+---------------------+--------------+--------------------+-----------+----------------------
 00:00:06(00:00:03) |  00:00:00(00:00:00) |   0.0(  0.0) |   16:45:35 (Mar13) |  800.8 MB | PBS_TechMap-Premap HBO Optimizations
--------------------+---------------------+--------------+--------------------+-----------+----------------------
 00:00:07(00:00:04) |  00:00:00(00:00:01) |  32.6( 33.3) |   16:45:36 (Mar13) |  800.8 MB | PBS_Techmap-Global Mapping
--------------------+---------------------+--------------+--------------------+-----------+----------------------
 00:00:07(00:00:05) |  00:00:00(00:00:01) |   0.0( 33.3) |   16:45:37 (Mar13) |  800.8 MB | PBS_TechMap-Datapath Postmap Operations
--------------------+---------------------+--------------+--------------------+-----------+----------------------
 00:00:07(00:00:05) |  00:00:00(00:00:00) |  -0.1(  0.0) |   16:45:37 (Mar13) |  800.8 MB | PBS_TechMap-Postmap HBO Optimizations
--------------------+---------------------+--------------+--------------------+-----------+----------------------
 00:00:07(00:00:05) |  00:00:00(00:00:00) |   0.0(  0.0) |   16:45:37 (Mar13) |  800.8 MB | PBS_TechMap-Postmap Clock Gating
--------------------+---------------------+--------------+--------------------+-----------+----------------------
 00:00:07(00:00:05) |  00:00:00(00:00:00) |  -0.1(  0.0) |   16:45:37 (Mar13) |  800.8 MB | PBS_TechMap-Postmap Cleanup
--------------------+---------------------+--------------+--------------------+-----------+----------------------
Number of threads: 8 * 1   (id: pbs_debug, time_info v1.57)
Info: (*N*) indicates data that was populated from previously saved time_info database
Info: CPU time includes time of parent + longest thread
PBS_Techmap-Post_MBCI - Elapsed_Time 0, CPU_Time 0.0
stamp 'PBS_Techmap-Post_MBCI' being created for table 'pbs_debug'

  Total Time (Wall) |  Stage Time (Wall)  |   % (Wall)   |    Date - Time     |  Memory   | Stage
--------------------+---------------------+--------------+--------------------+-----------+----------------------
 00:00:04(00:00:02) |  00:00:00(00:00:00) |   0.0(  0.0) |   16:45:34 (Mar13) |  218.7 MB | PBS_Generic-Start
--------------------+---------------------+--------------+--------------------+-----------+----------------------
 00:00:06(00:00:03) |  00:00:01(00:00:01) |  67.6( 33.3) |   16:45:35 (Mar13) |  800.8 MB | PBS_Generic_Opt-Post
--------------------+---------------------+--------------+--------------------+-----------+----------------------
 00:00:06(00:00:03) |  00:00:00(00:00:00) |   0.0(  0.0) |   16:45:35 (Mar13) |  800.8 MB | PBS_Generic-Postgen HBO Optimizations
--------------------+---------------------+--------------+--------------------+-----------+----------------------
 00:00:06(00:00:03) |  00:00:00(00:00:00) |   0.0(  0.0) |   16:45:35 (Mar13) |  800.8 MB | PBS_TechMap-Start
--------------------+---------------------+--------------+--------------------+-----------+----------------------
 00:00:06(00:00:03) |  00:00:00(00:00:00) |   0.0(  0.0) |   16:45:35 (Mar13) |  800.8 MB | PBS_TechMap-Premap HBO Optimizations
--------------------+---------------------+--------------+--------------------+-----------+----------------------
 00:00:07(00:00:04) |  00:00:00(00:00:01) |  32.6( 33.3) |   16:45:36 (Mar13) |  800.8 MB | PBS_Techmap-Global Mapping
--------------------+---------------------+--------------+--------------------+-----------+----------------------
 00:00:07(00:00:05) |  00:00:00(00:00:01) |   0.0( 33.3) |   16:45:37 (Mar13) |  800.8 MB | PBS_TechMap-Datapath Postmap Operations
--------------------+---------------------+--------------+--------------------+-----------+----------------------
 00:00:07(00:00:05) |  00:00:00(00:00:00) |  -0.1(  0.0) |   16:45:37 (Mar13) |  800.8 MB | PBS_TechMap-Postmap HBO Optimizations
--------------------+---------------------+--------------+--------------------+-----------+----------------------
 00:00:07(00:00:05) |  00:00:00(00:00:00) |   0.0(  0.0) |   16:45:37 (Mar13) |  800.8 MB | PBS_TechMap-Postmap Clock Gating
--------------------+---------------------+--------------+--------------------+-----------+----------------------
 00:00:07(00:00:05) |  00:00:00(00:00:00) |  -0.1(  0.0) |   16:45:37 (Mar13) |  800.8 MB | PBS_TechMap-Postmap Cleanup
--------------------+---------------------+--------------+--------------------+-----------+----------------------
 00:00:07(00:00:05) |  00:00:00(00:00:00) |   0.0(  0.0) |   16:45:37 (Mar13) |  800.8 MB | PBS_Techmap-Post_MBCI
--------------------+---------------------+--------------+--------------------+-----------+----------------------
Number of threads: 8 * 1   (id: pbs_debug, time_info v1.57)
Info: (*N*) indicates data that was populated from previously saved time_info database
Info: CPU time includes time of parent + longest thread
##>=================== Cadence Confidential (Mapping-Logical) ===================
##>Main Thread Summary:
##>----------------------------------------------------------------------------------------
##>STEP                           Elapsed       WNS       TNS     Insts      Area    Memory
##>----------------------------------------------------------------------------------------
##>M:Initial                            0         -         -       343      4592       800
##>M:Pre Cleanup                        0         -         -       343      4592       800
##>M:Setup                              0         -         -         -         -         -
##>M:Launch ST                          0         -         -         -         -         -
##>M:Design Partition                   0         -         -         -         -         -
##>M:Create Partition Netlists          0         -         -         -         -         -
##>M:Init Power                         0         -         -         -         -         -
##>M:Budgeting                          0         -         -         -         -         -
##>M:Derenv-DB                          0         -         -         -         -         -
##>M:Debug Outputs                      0         -         -         -         -         -
##>M:ST loading                         0         -         -         -         -         -
##>M:Distributed                        0         -         -         -         -         -
##>M:Timer                              0         -         -         -         -         -
##>M:Assembly                           0         -         -         -         -         -
##>M:DFT                                0         -         -         -         -         -
##>M:DP Operations                      1         -         -       236      2830       800
##>M:Const Prop                         0       -28       230       236      2830       800
##>M:Cleanup                            0       -28       230       236      2830       800
##>M:MBCI                               0         -         -       236      2830       800
##>M:Const Gate Removal                 0         -         -         -         -         -
##>M:Misc                               1
##>----------------------------------------------------------------------------------------
##>Total Elapsed                        2
##>========================================================================================
Info    : Done mapping. [SYNTH-5]
        : Done mapping 'async_fifo'.
      flow.cputime  flow.realtime  timing.setup.tns  timing.setup.wns  snapshot
UM:*                                                                   syn_map
Info    : Incrementally optimizing. [SYNTH-7]
        : Incrementally optimizing 'async_fifo' using 'high' effort.
 
Incremental optimization status
===============================
                                   Group   
                                  Tot Wrst     Total - - - - DRC Totals - - - -
                           Total  Weighted      Neg      Max       Max     Max  
Operation                   Area   Slacks      Slack    Trans      Cap   Fanout 
 init_iopt                  2830      -57      -230         0        0        0
            Worst cost_group: rclk, WNS: -28.8
            Path: wgray_rclk_ff1_reg[0]/CK --> wgray_rclk_ff2_reg[0]/D
-------------------------------------------------------------------------------
 const_prop                 2830      -57      -230         0        0        0
            Worst cost_group: rclk, WNS: -28.8
            Path: wgray_rclk_ff1_reg[0]/CK --> wgray_rclk_ff2_reg[0]/D
 simp_cc_inputs             2829      -57      -230         0        0        0
            Worst cost_group: rclk, WNS: -28.8
            Path: wgray_rclk_ff1_reg[0]/CK --> wgray_rclk_ff2_reg[0]/D
-------------------------------------------------------------------------------
 hi_fo_buf                  2829      -57      -230         0        0        0
            Worst cost_group: rclk, WNS: -28.8
            Path: wgray_rclk_ff1_reg[0]/CK --> wgray_rclk_ff2_reg[0]/D

           Trick     Calls     Accepts   Attempts    Time(secs) 
-----------------------------------------------------------
       hi_fo_buf         0  (        0 /        0 )  0.00

 
Incremental optimization status
===============================
                                   Group   
                                  Tot Wrst     Total - - - - DRC Totals - - - -
                           Total  Weighted      Neg      Max       Max     Max  
Operation                   Area   Slacks      Slack    Trans      Cap   Fanout 
 init_delay                 2829      -57      -230         0        0        0
            Worst cost_group: rclk, WNS: -28.8
            Path: wgray_rclk_ff1_reg[0]/CK --> wgray_rclk_ff2_reg[0]/D

           Trick     Calls     Accepts   Attempts    Time(secs) 
-----------------------------------------------------------
        crit_msz         8  (        0 /        0 )  0.01
       crit_upsz         8  (        0 /        0 )  0.01
       crit_slew         8  (        0 /        0 )  0.00
        setup_dn         8  (        0 /        0 )  0.00
    plc_bal_star         0  (        0 /        0 )  0.00
     drc_buftimb         0  (        0 /        0 )  0.00
          plc_st         8  (        0 /        0 )  0.00
    plc_st_fence         8  (        0 /        0 )  0.00
        plc_star         8  (        0 /        0 )  0.00
      plc_laf_st         8  (        0 /        0 )  0.00
 plc_laf_st_fence         8  (        0 /        0 )  0.00
     drc_buftims         0  (        0 /        0 )  0.00
   plc_laf_lo_st         8  (        0 /        0 )  0.00
       plc_lo_st         8  (        0 /        0 )  0.00
            fopt         8  (        0 /        0 )  0.00
       crit_swap         8  (        0 /        0 )  0.00
       mux2_swap         8  (        0 /        0 )  0.00
       crit_dnsz         8  (        0 /        0 )  0.00
       load_swap         8  (        0 /        0 )  0.00
            fopt         8  (        0 /        0 )  0.00
        setup_dn         8  (        0 /        0 )  0.00
       load_isol         8  (        0 /        0 )  0.01
       load_isol         8  (        0 /        0 )  0.00
        move_for         8  (        0 /        0 )  0.00
        move_for         8  (        0 /        0 )  0.00
          rem_bi         8  (        0 /        0 )  0.00
         offload         8  (        0 /        0 )  0.00
          rem_bi         8  (        0 /        0 )  0.00
         offload         8  (        0 /        0 )  0.00
           phase         8  (        0 /        0 )  0.00
        in_phase         8  (        0 /        0 )  0.00
       merge_bit         8  (        0 /        0 )  0.00
     merge_idrvr         8  (        0 /        0 )  0.00
     merge_iload         8  (        0 /        0 )  0.00
    merge_idload         8  (        0 /        0 )  0.00
      merge_drvr         8  (        0 /        0 )  0.00
      merge_load         8  (        0 /        0 )  0.00
          decomp         8  (        0 /        0 )  0.00
        p_decomp         8  (        0 /        0 )  0.00
        levelize         8  (        0 /        0 )  0.00
        mb_split         8  (        0 /        0 )  0.00
             dup         8  (        0 /        0 )  0.00
      mux_retime         8  (        0 /        0 )  0.00
         buf2inv         8  (        0 /        0 )  0.00
             exp         2  (        0 /        0 )  0.00
       gate_deco         0  (        0 /        0 )  0.00
       gcomp_tim         0  (        0 /        0 )  0.00
  inv_pair_2_buf         8  (        0 /        0 )  0.00


           Trick     Calls     Accepts   Attempts    Time(secs) 
-----------------------------------------------------------
         crr_220         2  (        0 /        0 )  0.00
        crr_glob         2  (        0 /        0 )  0.00
         crr_200         2  (        0 /        0 )  0.00
        crr_glob         2  (        0 /        0 )  0.00
         crr_300         2  (        0 /        0 )  0.00
        crr_glob         2  (        0 /        0 )  0.00
         crr_400         2  (        0 /        0 )  0.00
        crr_glob         2  (        0 /        0 )  0.00
         crr_111         2  (        0 /        0 )  0.00
        crr_glob         2  (        0 /        0 )  0.00
         crr_210         2  (        0 /        0 )  0.00
        crr_glob         2  (        0 /        0 )  0.00
         crr_110         2  (        0 /        0 )  0.00
        crr_glob         2  (        0 /        0 )  0.00
         crr_101         2  (        0 /        0 )  0.00
        crr_glob         2  (        0 /        0 )  0.00
         crr_201         2  (        0 /        0 )  0.00
        crr_glob         2  (        0 /        0 )  0.00
         crr_211         2  (        0 /        0 )  0.00
        crr_glob         2  (        0 /        0 )  0.00
        crit_msz         8  (        0 /        0 )  0.01
       crit_upsz         8  (        0 /        0 )  0.01
       crit_slew         8  (        0 /        0 )  0.00
        setup_dn        16  (        0 /        0 )  0.00
    plc_bal_star         0  (        0 /        0 )  0.00
     drc_buftimb         0  (        0 /        0 )  0.00
          plc_st         8  (        0 /        0 )  0.00
    plc_st_fence         8  (        0 /        0 )  0.00
        plc_star         8  (        0 /        0 )  0.00
      plc_laf_st         8  (        0 /        0 )  0.00
 plc_laf_st_fence         8  (        0 /        0 )  0.00
     drc_buftims         0  (        0 /        0 )  0.00
       plc_lo_st         8  (        0 /        0 )  0.00
            fopt        16  (        0 /        0 )  0.00
       crit_swap         8  (        0 /        0 )  0.00
       mux2_swap         8  (        0 /        0 )  0.00
       crit_dnsz         2  (        0 /        0 )  0.00
       load_swap         8  (        0 /        0 )  0.00
            fopt        16  (        0 /        0 )  0.00
        setup_dn        16  (        0 /        0 )  0.00
       load_isol        16  (        0 /        0 )  0.01
       load_isol        16  (        0 /        0 )  0.01
        move_for        16  (        0 /        0 )  0.00
        move_for        16  (        0 /        0 )  0.00
          rem_bi        16  (        0 /        0 )  0.00
         offload        16  (        0 /        0 )  0.00
          rem_bi        16  (        0 /        0 )  0.00
         offload        16  (        0 /        0 )  0.00
       merge_bit         8  (        0 /        0 )  0.00
     merge_idrvr         8  (        0 /        0 )  0.00
     merge_iload         8  (        0 /        0 )  0.00
    merge_idload         8  (        0 /        0 )  0.00
      merge_drvr         8  (        0 /        0 )  0.00
      merge_load         8  (        0 /        0 )  0.00
           phase         8  (        0 /        0 )  0.00
          decomp         8  (        0 /        0 )  0.00
        p_decomp         8  (        0 /        0 )  0.00
        levelize         8  (        0 /        0 )  0.00
        mb_split         8  (        0 /        0 )  0.00
        in_phase         8  (        0 /        0 )  0.00
             dup         8  (        0 /        0 )  0.00
      mux_retime         8  (        0 /        0 )  0.00
         buf2inv         8  (        0 /        0 )  0.00
             exp         0  (        0 /        0 )  0.00
       gate_deco         0  (        0 /        0 )  0.00
       gcomp_tim         0  (        0 /        0 )  0.00
  inv_pair_2_buf         8  (        0 /        0 )  0.00
 init_drc                   2829      -57      -230         0        0        0
            Worst cost_group: rclk, WNS: -28.8
            Path: wgray_rclk_ff1_reg[0]/CK --> wgray_rclk_ff2_reg[0]/D

           Trick     Calls     Accepts   Attempts    Time(secs) 
-----------------------------------------------------------
          plc_st         0  (        0 /        0 )  0.00
        plc_star         0  (        0 /        0 )  0.00
        drc_bufs         0  (        0 /        0 )  0.00
        drc_fopt         0  (        0 /        0 )  0.00
        drc_bufb         0  (        0 /        0 )  0.00
      simple_buf         0  (        0 /        0 )  0.00
             dup         0  (        0 /        0 )  0.00
       crit_dnsz         0  (        0 /        0 )  0.00
       crit_upsz         0  (        0 /        0 )  0.00
       crit_slew         0  (        0 /        0 )  0.00


           Trick     Calls     Accepts   Attempts    Time(secs) 
-----------------------------------------------------------
          plc_st         0  (        0 /        0 )  0.00
        plc_star         0  (        0 /        0 )  0.00
      drc_buf_sp         0  (        0 /        0 )  0.00
        drc_bufs         0  (        0 /        0 )  0.00
        drc_fopt         0  (        0 /        0 )  0.00
        drc_bufb         0  (        0 /        0 )  0.00
      simple_buf         0  (        0 /        0 )  0.00
             dup         0  (        0 /        0 )  0.00
       crit_dnsz         0  (        0 /        0 )  0.00
       crit_upsz         0  (        0 /        0 )  0.00


           Trick     Calls     Accepts   Attempts    Time(secs) 
-----------------------------------------------------------
          plc_st         0  (        0 /        0 )  0.00
        plc_star         0  (        0 /        0 )  0.00
      drc_buf_sp         0  (        0 /        0 )  0.00
        drc_bufs         0  (        0 /        0 )  0.00
        drc_fopt         0  (        0 /        0 )  0.00
        drc_bufb         0  (        0 /        0 )  0.00
             dup         0  (        0 /        0 )  0.00
       crit_dnsz         0  (        0 /        0 )  0.00
       crit_upsz         0  (        0 /        0 )  0.00

 init_tns                   2829      -57      -230         0        0        0
            Worst cost_group: rclk, WNS: -28.8
            Path: wgray_rclk_ff1_reg[0]/CK --> wgray_rclk_ff2_reg[0]/D
 incr_tns                   2829      -57      -230         0        0        0
            Worst cost_group: rclk, WNS: -28.8
            Path: wgray_rclk_ff1_reg[0]/CK --> wgray_rclk_ff2_reg[0]/D

           Trick     Calls     Accepts   Attempts    Time(secs) 
-----------------------------------------------------------
            fopt         8  (        0 /        0 )  0.00
    plc_bal_star         0  (        0 /        0 )  0.00
     drc_buftimb         0  (        0 /        0 )  0.00
     drc_buftims         0  (        0 /        0 )  0.00
        crit_msz         8  (        0 /        0 )  0.01
       crit_upsz         8  (        0 /        0 )  0.01
   plc_laf_lo_st         8  (        0 /        0 )  0.00
       plc_lo_st         8  (        0 /        0 )  0.00
       crit_swap         8  (        0 /        0 )  0.00
       mux2_swap         8  (        0 /        0 )  0.00
       crit_dnsz         8  (        0 /        0 )  0.00
       load_swap         8  (        0 /        0 )  0.00
            fopt         8  (        0 /        0 )  0.00
        setup_dn         8  (        0 /        0 )  0.00
       load_isol         8  (        0 /        0 )  0.01
       load_isol         8  (        0 /        0 )  0.00
        move_for         8  (        0 /        0 )  0.00
        move_for         8  (        0 /        0 )  0.00
          rem_bi         8  (        0 /        0 )  0.00
         offload         8  (        0 /        0 )  0.00
          rem_bi         8  (        0 /        0 )  0.00
         offload         8  (        0 /        0 )  0.00
       merge_bit         8  (        0 /        0 )  0.00
     merge_idrvr         8  (        0 /        0 )  0.00
     merge_iload         8  (        0 /        0 )  0.00
    merge_idload         8  (        0 /        0 )  0.00
      merge_drvr         8  (        0 /        0 )  0.00
      merge_load         8  (        0 /        0 )  0.00
           phase         8  (        0 /        0 )  0.00
          decomp         8  (        0 /        0 )  0.00
        p_decomp         8  (        0 /        0 )  0.00
        levelize         8  (        0 /        0 )  0.00
        mb_split         8  (        0 /        0 )  0.00
             dup         8  (        0 /        0 )  0.00
      mux_retime         8  (        0 /        0 )  0.00
       crr_local         8  (        0 /        0 )  0.00
         buf2inv         8  (        0 /        0 )  0.00

 init_area                  2829      -57      -230         0        0        0
            Worst cost_group: rclk, WNS: -28.8
            Path: wgray_rclk_ff1_reg[0]/CK --> wgray_rclk_ff2_reg[0]/D
 rem_inv_qb                 2826      -57      -230         0        0        0
            Worst cost_group: rclk, WNS: -28.8
            Path: wgray_rclk_ff1_reg[0]/CK --> wgray_rclk_ff2_reg[0]/D

           Trick     Calls     Accepts   Attempts    Time(secs) 
-----------------------------------------------------------
           undup         0  (        0 /        0 )  0.00
         rem_buf         0  (        0 /        0 )  0.00
         rem_inv         0  (        0 /        0 )  0.00
        merge_bi         0  (        0 /        0 )  0.00
      rem_inv_qb         3  (        1 /        1 )  0.00
    seq_res_area         5  (        0 /        0 )  0.85
        io_phase         1  (        0 /        1 )  0.00
       gate_comp        12  (        0 /        0 )  0.02
       gcomp_mog         2  (        0 /        0 )  0.01
       glob_area        12  (        0 /       12 )  0.01
       area_down         6  (        0 /        0 )  0.01
      size_n_buf         0  (        0 /        0 )  0.00
  gate_deco_area         0  (        0 /        0 )  0.00
         rem_buf         0  (        0 /        0 )  0.00
         rem_inv         0  (        0 /        0 )  0.00
        merge_bi         0  (        0 /        0 )  0.00
      rem_inv_qb         0  (        0 /        0 )  0.00

 
Incremental optimization status
===============================
                                   Group   
                                  Tot Wrst     Total - - - - DRC Totals - - - -
                           Total  Weighted      Neg      Max       Max     Max  
Operation                   Area   Slacks      Slack    Trans      Cap   Fanout 
 init_delay                 2826      -57      -230         0        0        0
            Worst cost_group: rclk, WNS: -28.8
            Path: wgray_rclk_ff1_reg[0]/CK --> wgray_rclk_ff2_reg[0]/D

           Trick     Calls     Accepts   Attempts    Time(secs) 
-----------------------------------------------------------
         crr_220         2  (        0 /        0 )  0.00
        crr_glob         2  (        0 /        0 )  0.00
         crr_200         2  (        0 /        0 )  0.00
        crr_glob         2  (        0 /        0 )  0.00
         crr_300         2  (        0 /        0 )  0.00
        crr_glob         2  (        0 /        0 )  0.00
         crr_400         2  (        0 /        0 )  0.00
        crr_glob         2  (        0 /        0 )  0.00
         crr_111         2  (        0 /        0 )  0.00
        crr_glob         2  (        0 /        0 )  0.00
         crr_210         2  (        0 /        0 )  0.00
        crr_glob         2  (        0 /        0 )  0.00
         crr_110         2  (        0 /        0 )  0.00
        crr_glob         2  (        0 /        0 )  0.00
         crr_101         2  (        0 /        0 )  0.00
        crr_glob         2  (        0 /        0 )  0.00
         crr_201         2  (        0 /        0 )  0.00
        crr_glob         2  (        0 /        0 )  0.00
         crr_211         2  (        0 /        0 )  0.00
        crr_glob         2  (        0 /        0 )  0.00
        crit_msz         8  (        0 /        0 )  0.01
       crit_upsz         8  (        0 /        0 )  0.01
       crit_slew         8  (        0 /        0 )  0.00
        setup_dn        16  (        0 /        0 )  0.00
    plc_bal_star         0  (        0 /        0 )  0.00
     drc_buftimb         0  (        0 /        0 )  0.00
          plc_st         8  (        0 /        0 )  0.00
    plc_st_fence         8  (        0 /        0 )  0.00
        plc_star         8  (        0 /        0 )  0.00
      plc_laf_st         8  (        0 /        0 )  0.00
 plc_laf_st_fence         8  (        0 /        0 )  0.00
     drc_buftims         0  (        0 /        0 )  0.00
       plc_lo_st         8  (        0 /        0 )  0.00
            fopt        16  (        0 /        0 )  0.00
       crit_swap         8  (        0 /        0 )  0.00
       mux2_swap         8  (        0 /        0 )  0.00
       crit_dnsz         2  (        0 /        0 )  0.00
       load_swap         8  (        0 /        0 )  0.00
            fopt        16  (        0 /        0 )  0.00
        setup_dn        16  (        0 /        0 )  0.00
       load_isol        16  (        0 /        0 )  0.01
       load_isol        16  (        0 /        0 )  0.01
        move_for        16  (        0 /        0 )  0.00
        move_for        16  (        0 /        0 )  0.00
          rem_bi        16  (        0 /        0 )  0.00
         offload        16  (        0 /        0 )  0.00
          rem_bi        16  (        0 /        0 )  0.00
         offload        16  (        0 /        0 )  0.00
       merge_bit         8  (        0 /        0 )  0.00
     merge_idrvr         8  (        0 /        0 )  0.00
     merge_iload         8  (        0 /        0 )  0.00
    merge_idload         8  (        0 /        0 )  0.00
      merge_drvr         8  (        0 /        0 )  0.00
      merge_load         8  (        0 /        0 )  0.00
           phase         8  (        0 /        0 )  0.00
          decomp         8  (        0 /        0 )  0.00
        p_decomp         8  (        0 /        0 )  0.00
        levelize         8  (        0 /        0 )  0.00
        mb_split         8  (        0 /        0 )  0.00
        in_phase         8  (        0 /        0 )  0.00
             dup         8  (        0 /        0 )  0.00
      mux_retime         8  (        0 /        0 )  0.00
         buf2inv         8  (        0 /        0 )  0.00
             exp         0  (        0 /        0 )  0.00
       gate_deco         0  (        0 /        0 )  0.00
       gcomp_tim         0  (        0 /        0 )  0.00
  inv_pair_2_buf         8  (        0 /        0 )  0.00
 init_drc                   2826      -57      -230         0        0        0
            Worst cost_group: rclk, WNS: -28.8
            Path: wgray_rclk_ff1_reg[0]/CK --> wgray_rclk_ff2_reg[0]/D

           Trick     Calls     Accepts   Attempts    Time(secs) 
-----------------------------------------------------------
          plc_st         0  (        0 /        0 )  0.00
        plc_star         0  (        0 /        0 )  0.00
        drc_bufs         0  (        0 /        0 )  0.00
        drc_fopt         0  (        0 /        0 )  0.00
        drc_bufb         0  (        0 /        0 )  0.00
      simple_buf         0  (        0 /        0 )  0.00
             dup         0  (        0 /        0 )  0.00
       crit_dnsz         0  (        0 /        0 )  0.00
       crit_upsz         0  (        0 /        0 )  0.00
       crit_slew         0  (        0 /        0 )  0.00


           Trick     Calls     Accepts   Attempts    Time(secs) 
-----------------------------------------------------------
          plc_st         0  (        0 /        0 )  0.00
        plc_star         0  (        0 /        0 )  0.00
        drc_bufs         0  (        0 /        0 )  0.00
        drc_fopt         0  (        0 /        0 )  0.00
        drc_bufb         0  (        0 /        0 )  0.00
      simple_buf         0  (        0 /        0 )  0.00
             dup         0  (        0 /        0 )  0.00
       crit_dnsz         0  (        0 /        0 )  0.00
       crit_upsz         0  (        0 /        0 )  0.00


           Trick     Calls     Accepts   Attempts    Time(secs) 
-----------------------------------------------------------
          plc_st         0  (        0 /        0 )  0.00
        plc_star         0  (        0 /        0 )  0.00
        drc_bufs         0  (        0 /        0 )  0.00
        drc_fopt         0  (        0 /        0 )  0.00
        drc_bufb         0  (        0 /        0 )  0.00
             dup         0  (        0 /        0 )  0.00
       crit_dnsz         0  (        0 /        0 )  0.00
       crit_upsz         0  (        0 /        0 )  0.00

 init_tns                   2826      -57      -230         0        0        0
            Worst cost_group: rclk, WNS: -28.8
            Path: wgray_rclk_ff1_reg[0]/CK --> wgray_rclk_ff2_reg[0]/D

           Trick     Calls     Accepts   Attempts    Time(secs) 
-----------------------------------------------------------
            fopt         0  (        0 /        0 )  0.00
    plc_bal_star         0  (        0 /        0 )  0.00
     drc_buftimb         0  (        0 /        0 )  0.00
     drc_buftims         0  (        0 /        0 )  0.00
        crit_msz         0  (        0 /        0 )  0.00
       crit_upsz         0  (        0 /        0 )  0.00
   plc_laf_lo_st         0  (        0 /        0 )  0.00
       plc_lo_st         0  (        0 /        0 )  0.00
       crit_swap         0  (        0 /        0 )  0.00
       mux2_swap         0  (        0 /        0 )  0.00
       crit_dnsz         0  (        0 /        0 )  0.00
       load_swap         0  (        0 /        0 )  0.00
            fopt         0  (        0 /        0 )  0.00
        setup_dn         0  (        0 /        0 )  0.00
       load_isol         0  (        0 /        0 )  0.00
       load_isol         0  (        0 /        0 )  0.00
        move_for         0  (        0 /        0 )  0.00
        move_for         0  (        0 /        0 )  0.00
          rem_bi         0  (        0 /        0 )  0.00
         offload         0  (        0 /        0 )  0.00
          rem_bi         0  (        0 /        0 )  0.00
         offload         0  (        0 /        0 )  0.00
       merge_bit         0  (        0 /        0 )  0.00
     merge_idrvr         0  (        0 /        0 )  0.00
     merge_iload         0  (        0 /        0 )  0.00
    merge_idload         0  (        0 /        0 )  0.00
      merge_drvr         0  (        0 /        0 )  0.00
      merge_load         0  (        0 /        0 )  0.00
           phase         0  (        0 /        0 )  0.00
          decomp         0  (        0 /        0 )  0.00
        p_decomp         0  (        0 /        0 )  0.00
        levelize         0  (        0 /        0 )  0.00
        mb_split         0  (        0 /        0 )  0.00
             dup         0  (        0 /        0 )  0.00
      mux_retime         0  (        0 /        0 )  0.00
       crr_local         0  (        0 /        0 )  0.00
         buf2inv         0  (        0 /        0 )  0.00

 init_area                  2826      -57      -230         0        0        0
            Worst cost_group: rclk, WNS: -28.8
            Path: wgray_rclk_ff1_reg[0]/CK --> wgray_rclk_ff2_reg[0]/D

           Trick     Calls     Accepts   Attempts    Time(secs) 
-----------------------------------------------------------
           undup         0  (        0 /        0 )  0.00
         rem_buf         0  (        0 /        0 )  0.00
         rem_inv         0  (        0 /        0 )  0.00
        merge_bi         0  (        0 /        0 )  0.00
      rem_inv_qb         0  (        0 /        0 )  0.00
        io_phase         1  (        0 /        1 )  0.00
       gate_comp        12  (        0 /        0 )  0.02
       gcomp_mog         2  (        0 /        0 )  0.00
       glob_area        12  (        0 /       12 )  0.01
       area_down         6  (        0 /        0 )  0.01
      size_n_buf         0  (        0 /        0 )  0.00
  gate_deco_area         0  (        0 /        0 )  0.00

 
Incremental optimization status
===============================
                                   Group   
                                  Tot Wrst     Total - - - - DRC Totals - - - -
                           Total  Weighted      Neg      Max       Max     Max  
Operation                   Area   Slacks      Slack    Trans      Cap   Fanout 
 init_delay                 2826      -57      -230         0        0        0
            Worst cost_group: rclk, WNS: -28.8
            Path: wgray_rclk_ff1_reg[0]/CK --> wgray_rclk_ff2_reg[0]/D

           Trick     Calls     Accepts   Attempts    Time(secs) 
-----------------------------------------------------------
        crit_msz         8  (        0 /        0 )  0.01
       crit_upsz         8  (        0 /        0 )  0.01
       crit_slew         8  (        0 /        0 )  0.00
        setup_dn         8  (        0 /        0 )  0.00
    plc_bal_star         0  (        0 /        0 )  0.00
     drc_buftimb         0  (        0 /        0 )  0.00
          plc_st         8  (        0 /        0 )  0.00
    plc_st_fence         8  (        0 /        0 )  0.00
        plc_star         8  (        0 /        0 )  0.00
      plc_laf_st         8  (        0 /        0 )  0.00
 plc_laf_st_fence         8  (        0 /        0 )  0.00
     drc_buftims         0  (        0 /        0 )  0.00
   plc_laf_lo_st         8  (        0 /        0 )  0.00
       plc_lo_st         8  (        0 /        0 )  0.00
            fopt         8  (        0 /        0 )  0.00
       crit_swap         8  (        0 /        0 )  0.00
       mux2_swap         8  (        0 /        0 )  0.00
       crit_dnsz         8  (        0 /        0 )  0.01
       load_swap         8  (        0 /        0 )  0.00
            fopt         8  (        0 /        0 )  0.00
        setup_dn         8  (        0 /        0 )  0.00
       load_isol         8  (        0 /        0 )  0.01
       load_isol         8  (        0 /        0 )  0.00
        move_for         8  (        0 /        0 )  0.00
        move_for         8  (        0 /        0 )  0.00
          rem_bi         8  (        0 /        0 )  0.00
         offload         8  (        0 /        0 )  0.00
          rem_bi         8  (        0 /        0 )  0.00
         offload         8  (        0 /        0 )  0.00
           phase         8  (        0 /        0 )  0.00
        in_phase         8  (        0 /        0 )  0.00
       merge_bit         8  (        0 /        0 )  0.00
     merge_idrvr         8  (        0 /        0 )  0.00
     merge_iload         8  (        0 /        0 )  0.00
    merge_idload         8  (        0 /        0 )  0.00
      merge_drvr         8  (        0 /        0 )  0.00
      merge_load         8  (        0 /        0 )  0.00
          decomp         8  (        0 /        0 )  0.00
        p_decomp         8  (        0 /        0 )  0.00
        levelize         8  (        0 /        0 )  0.00
        mb_split         8  (        0 /        0 )  0.00
             dup         8  (        0 /        0 )  0.00
      mux_retime         8  (        0 /        0 )  0.00
         buf2inv         8  (        0 /        0 )  0.00
             exp         0  (        0 /        0 )  0.00
       gate_deco         0  (        0 /        0 )  0.00
       gcomp_tim         0  (        0 /        0 )  0.00
  inv_pair_2_buf         8  (        0 /        0 )  0.00

 init_drc                   2826      -57      -230         0        0        0
            Worst cost_group: rclk, WNS: -28.8
            Path: wgray_rclk_ff1_reg[0]/CK --> wgray_rclk_ff2_reg[0]/D

           Trick     Calls     Accepts   Attempts    Time(secs) 
-----------------------------------------------------------
          plc_st         0  (        0 /        0 )  0.00
        plc_star         0  (        0 /        0 )  0.00
        drc_bufs         0  (        0 /        0 )  0.00
        drc_fopt         0  (        0 /        0 )  0.00
        drc_bufb         0  (        0 /        0 )  0.00
      simple_buf         0  (        0 /        0 )  0.00
             dup         0  (        0 /        0 )  0.00
       crit_dnsz         0  (        0 /        0 )  0.00
       crit_upsz         0  (        0 /        0 )  0.00
       crit_slew         0  (        0 /        0 )  0.00


           Trick     Calls     Accepts   Attempts    Time(secs) 
-----------------------------------------------------------
          plc_st         0  (        0 /        0 )  0.00
        plc_star         0  (        0 /        0 )  0.00
        drc_bufs         0  (        0 /        0 )  0.00
        drc_fopt         0  (        0 /        0 )  0.00
        drc_bufb         0  (        0 /        0 )  0.00
      simple_buf         0  (        0 /        0 )  0.00
             dup         0  (        0 /        0 )  0.00
       crit_dnsz         0  (        0 /        0 )  0.00
       crit_upsz         0  (        0 /        0 )  0.00


           Trick     Calls     Accepts   Attempts    Time(secs) 
-----------------------------------------------------------
          plc_st         0  (        0 /        0 )  0.00
        plc_star         0  (        0 /        0 )  0.00
        drc_bufs         0  (        0 /        0 )  0.00
        drc_fopt         0  (        0 /        0 )  0.00
        drc_bufb         0  (        0 /        0 )  0.00
             dup         0  (        0 /        0 )  0.00
       crit_dnsz         0  (        0 /        0 )  0.00
       crit_upsz         0  (        0 /        0 )  0.00

==================================
Stage : incr_opt 
==================================
  =================
   Message Summary
  =================
--------------------------------------------------------------------------------
|   Id    |  Sev   |Count |                   Message Text                     |
--------------------------------------------------------------------------------
| CFM-1   |Info    |    1 |Wrote dofile.                                       |
| CFM-5   |Info    |    1 |Wrote formal verification information.              |
| CPI-506 |Warning |    1 |Command 'commit_power_intent' cannot proceed as     |
|         |        |      | there is no power intent loaded.                   |
| PA-7    |Info    |    4 |Resetting power analysis results.                   |
|         |        |      |All computed switching activities are removed.      |
| SYNTH-5 |Info    |    1 |Done mapping.                                       |
| SYNTH-7 |Info    |    1 |Incrementally optimizing.                           |
--------------------------------------------------------------------------------
Info    : Done incrementally optimizing. [SYNTH-8]
        : Done incrementally optimizing 'async_fifo'.
      flow.cputime  flow.realtime  timing.setup.tns  timing.setup.wns  snapshot
UM:*                                                                   syn_opt
